,TPA Jatibarang,Mitra Komunika ( Specialist Service ),Dokter phone servis hp,EPS SERVICE HP,Service handphone,Mediatech Service HP,iPhone Service Solution - Service Iphone Semarang,ANDI CELL SERVIS HP SEMARANG BARAT KARANGAYU,Saiyo Cell - HP Baru & Second • Service • Aksesoris,iPhone Service Solution - Service Iphone Semarang (10),ALL REPAIR HP SEMARANG BARAT,Dewa Komunika - Pusat Service HP,Androfix Service HP Hardware Software Semarang,Servis Elektronik dan HP,Yess mobile service hp,WAHYU PHONE SERVICE,Service Center Sanken,Alfacell Service Hp,Servis Center Resmi Xiaomi - Poco - Infinix - Tecno - Itel,Servis Center Resmi Xiaomi - Poco - Infinix - Tecno - Itel (20),Coocaa Service Centre,TCL Service Center Semarang,Dicell Service Hp,RAMEECELL SERVICE HP,Service Center Handphone Laptop Printer Semarang,Carlcare Service (Infinix-TECNO-itel) Semarang,HP SERVICE CENTER SEMARANG - Operated by PT HPS,KLA Service Center Semarang,Service HP,Samsung Service Center - Semarang,Kartika Service HP dan Sparepart HP,Panasonic Gobel Indonesia Service Center Semarang,Gadget Center REPAIR,Service HP 7cell,KingsJE Management,Service Connection Smg,Terdekat Cell Service Hp
TPA Jatibarang,0.0,10.338,8.024,8.263,6.182,7.024,8.339,7.64,8.556,8.339,9.075,8.661,9.378,10.214,5.286,5.992,5.798,10.382,10.382,10.382,8.663,9.484,9.355,8.28,12.343,11.927,13.118,13.077,10.472,11.702,10.617,9.412,14.223,10.416,10.462,11.544,11.83
Mitra Komunika ( Specialist Service ),8.933,0.0,1.852,1.5,3.461,2.446,1.268,2.134,1.485,1.268,3.914,3.499,2.486,3.322,4.304,3.651,3.873,0.689,0.689,0.689,0.789,4.323,3.841,1.715,7.917,5.036,6.227,6.186,5.161,6.392,5.307,2.521,7.331,3.525,3.571,4.652,4.938
Dokter phone servis hp,8.068,3.661,0.0,0.317,1.94,1.435,1.663,0.963,1.88,1.663,2.902,2.488,2.701,3.537,2.784,2.131,2.352,3.705,3.705,3.705,1.087,3.312,4.056,2.837,7.502,5.25,6.442,6.4,5.376,6.606,5.521,2.736,7.546,3.74,3.785,4.867,5.153
EPS SERVICE HP,8.379,1.851,0.317,0.0,2.252,1.746,1.96,1.26,2.177,1.96,3.214,2.799,2.999,3.834,3.095,2.442,2.663,4.002,4.003,4.003,0.723,3.623,4.15,2.474,7.138,5.68,6.871,6.83,5.267,6.497,5.412,3.033,7.976,4.037,4.083,5.701,5.987
Service handphone,6.127,4.959,1.842,2.08,0.0,2.229,2.96,2.261,3.177,2.96,3.696,3.282,3.999,4.835,0.843,0.19,0.412,5.003,5.003,5.003,2.481,4.105,5.354,4.231,8.896,6.548,7.739,7.698,6.674,7.904,6.819,4.033,8.844,5.037,5.083,6.165,6.451
Mediatech Service HP,7.03,3.836,1.404,1.643,1.776,0.0,1.837,1.137,2.054,1.837,1.825,1.411,2.876,3.711,2.619,1.966,2.188,3.879,3.88,3.88,2.043,2.234,4.23,4.918,8.306,5.425,6.616,6.575,5.551,6.781,5.696,2.91,7.72,3.914,3.96,5.042,5.328
iPhone Service Solution - Service Iphone Semarang,8.31,2.579,1.229,0.877,2.839,1.824,0.0,1.511,0.217,0.0,3.291,2.877,1.619,2.455,3.682,3.029,3.25,2.623,2.623,2.623,2.535,3.7,2.974,3.661,7.049,4.168,5.359,5.318,4.294,5.524,4.439,1.653,6.464,2.658,2.703,3.785,4.071
ANDI CELL SERVIS HP SEMARANG BARAT KARANGAYU,7.96,3.022,1.852,1.5,2.488,1.443,1.024,0.0,1.241,1.024,2.91,2.496,2.062,2.898,3.332,2.679,2.9,3.066,3.067,3.067,2.185,3.319,3.417,4.105,7.493,4.612,5.803,5.761,4.737,5.968,4.883,2.097,6.907,3.101,3.147,4.228,4.514
Saiyo Cell - HP Baru & Second • Service • Aksesoris,8.527,2.796,1.447,1.095,3.056,2.041,0.217,1.728,0.0,0.217,3.508,3.094,1.836,2.672,3.899,3.246,3.467,2.84,2.84,2.84,2.752,3.917,3.191,3.879,7.266,4.386,5.577,5.535,4.511,5.741,4.656,1.871,6.681,2.875,2.92,4.002,4.288
iPhone Service Solution - Service Iphone Semarang (10),8.31,2.579,1.229,0.877,2.839,1.824,0.0,1.511,0.217,0.0,3.291,2.877,1.619,2.455,3.682,3.029,3.25,2.623,2.623,2.623,2.535,3.7,2.974,3.661,7.049,4.168,5.359,5.318,4.294,5.524,4.439,1.653,6.464,2.658,2.703,3.785,4.071
ALL REPAIR HP SEMARANG BARAT,9.268,5.285,2.854,3.092,3.797,2.512,3.287,2.587,3.504,3.287,0.0,0.498,4.326,5.161,4.64,3.987,4.208,5.329,5.33,5.33,3.493,1.054,5.68,6.368,9.756,6.875,8.066,8.025,7.0,8.231,7.146,4.36,9.17,5.364,5.41,6.492,6.777
Dewa Komunika - Pusat Service HP,9.037,5.055,2.623,2.862,3.566,2.281,3.056,2.357,3.273,3.056,0.414,0.0,4.095,4.931,4.409,3.756,3.977,5.099,5.099,5.099,3.262,0.824,5.449,6.137,9.525,6.644,7.835,7.794,6.77,8.0,6.915,4.129,8.94,5.133,5.179,6.261,6.547
Androfix Service HP Hardware Software Semarang,9.822,1.534,2.741,2.389,4.351,3.336,2.158,3.023,2.375,2.158,4.803,4.389,0.0,0.987,5.194,4.541,4.762,1.578,1.579,1.579,2.183,5.212,1.929,2.617,6.005,3.124,4.315,4.273,3.249,4.479,3.394,0.609,5.419,1.613,1.658,2.74,3.026
Servis Elektronik dan HP,10.629,2.341,3.548,3.196,5.157,4.143,2.965,3.83,3.182,2.965,5.61,5.196,1.231,0.0,6.001,5.348,5.569,2.385,2.385,2.385,2.989,6.019,2.736,3.423,6.811,3.93,5.121,5.08,4.056,5.286,4.201,1.415,6.226,2.42,2.465,3.547,3.833
Yess mobile service hp,5.284,5.856,2.739,2.977,0.897,3.125,3.857,3.157,4.074,3.857,4.593,4.178,4.896,5.731,0.0,0.706,0.512,5.899,5.9,5.9,3.378,5.002,4.07,2.995,7.058,5.599,6.79,6.749,5.186,6.416,5.331,4.93,7.895,5.934,5.98,5.62,5.906
WAHYU PHONE SERVICE,5.937,5.149,2.032,2.271,0.19,2.419,3.15,2.451,3.368,3.15,3.886,3.472,4.189,5.025,0.653,0.0,0.221,5.193,5.193,5.193,2.671,4.295,5.544,4.422,9.086,6.738,7.929,7.888,6.864,8.094,7.009,4.223,9.034,5.228,5.273,6.355,6.641
Service Center Sanken,5.796,5.375,2.258,2.497,0.416,2.645,3.376,2.677,3.594,3.376,4.112,3.698,4.415,5.251,0.512,0.226,0.0,5.419,5.419,5.419,2.897,4.521,5.77,4.648,9.312,6.964,8.155,8.114,7.09,8.32,7.235,4.449,9.26,5.454,5.499,6.581,6.867
Alfacell Service Hp,8.244,2.758,1.163,0.811,2.772,1.758,0.58,1.445,0.797,0.58,3.225,2.811,1.798,2.634,3.616,2.963,3.184,0.0,0.0,0.0,0.604,3.634,3.153,3.84,7.228,4.347,5.538,5.497,4.473,5.703,4.618,1.832,6.643,2.837,2.882,3.964,4.25
Servis Center Resmi Xiaomi - Poco - Infinix - Tecno - Itel,8.244,2.757,1.163,0.811,2.772,1.757,0.579,1.445,0.796,0.579,3.225,2.81,1.798,2.633,3.616,2.962,3.184,-0.0,0.0,0.0,0.604,3.634,3.152,3.84,7.228,4.347,5.538,5.497,4.473,5.703,4.618,1.832,6.642,2.836,2.882,3.963,4.25
Servis Center Resmi Xiaomi - Poco - Infinix - Tecno - Itel (20),8.244,2.757,1.163,0.811,2.772,1.757,0.579,1.445,0.796,0.579,3.225,2.81,1.798,2.633,3.616,2.962,3.184,-0.0,0.0,0.0,0.604,3.634,3.152,3.84,7.228,4.347,5.538,5.497,4.473,5.703,4.618,1.832,6.642,2.836,2.882,3.963,4.25
Coocaa Service Centre,8.93,0.789,1.91,0.524,2.802,2.297,0.968,2.329,1.185,0.968,3.764,3.35,2.186,3.022,3.646,2.993,3.214,3.19,3.19,3.19,0.0,4.174,3.977,2.301,6.965,5.507,6.698,6.657,5.094,6.324,5.239,2.22,7.803,3.224,3.27,5.528,5.814
TCL Service Center Semarang,10.117,6.134,3.702,3.941,4.645,3.36,4.135,3.436,4.353,4.135,1.571,1.346,5.174,6.01,5.489,4.835,5.057,6.178,6.178,6.178,4.342,0.0,6.529,7.216,10.604,7.723,8.914,8.873,7.849,9.079,7.994,5.208,10.019,6.213,6.258,7.34,7.626
Dicell Service Hp,8.759,1.983,3.19,3.343,4.581,3.784,2.607,3.472,2.824,2.607,5.252,4.837,1.797,2.633,3.476,4.772,4.993,2.027,2.027,2.027,3.073,5.661,0.0,0.688,5.57,2.689,3.88,3.839,2.815,4.045,2.96,1.831,4.985,2.836,2.881,2.71,2.996
RAMEECELL SERVICE HP,8.072,1.42,3.002,2.655,3.894,3.388,2.815,3.42,3.032,2.815,4.856,4.441,2.006,2.841,2.788,4.084,4.305,2.235,2.236,2.236,2.386,5.265,3.36,0.0,6.666,4.555,5.746,5.705,4.681,5.911,4.826,2.04,6.85,3.044,3.09,4.172,4.458
Service Center Handphone Laptop Printer Semarang,10.688,5.658,6.306,5.96,7.199,6.693,6.282,6.725,6.499,6.282,8.161,7.746,5.472,6.308,5.404,7.389,7.61,5.702,5.702,5.702,5.691,8.57,4.281,4.968,0.0,2.855,2.776,2.734,2.626,1.744,2.771,5.507,3.867,6.511,6.556,5.831,6.117
Carlcare Service (Infinix-TECNO-itel) Semarang,12.205,3.917,5.125,4.772,6.734,5.719,4.541,5.406,4.758,4.541,7.186,6.772,3.732,4.567,5.79,6.924,7.145,3.961,3.962,3.962,4.566,7.596,2.54,3.228,3.898,0.0,1.191,1.15,2.073,2.836,2.218,3.766,2.295,4.77,4.816,4.09,4.376
HP SERVICE CENTER SEMARANG - Operated by PT HPS,14.744,6.456,7.663,7.311,9.273,8.258,7.08,7.945,7.297,7.08,9.725,9.311,6.27,7.106,8.364,9.463,9.684,6.5,6.5,6.5,7.104,10.134,5.079,5.766,3.337,2.221,0.0,0.121,3.785,2.275,2.642,6.304,1.734,7.309,7.354,4.572,4.858
KLA Service Center Semarang,14.806,6.518,7.725,7.373,9.334,8.319,7.141,8.007,7.359,7.141,9.787,9.372,6.332,7.168,8.426,9.524,9.746,6.562,6.562,6.562,7.166,10.196,5.141,5.828,3.399,2.283,0.121,0.0,3.846,2.337,2.703,6.366,1.796,7.371,7.416,4.634,4.92
Service HP,10.332,3.796,5.003,4.651,6.612,5.597,4.419,5.285,4.637,4.419,7.065,6.65,3.61,4.446,5.049,6.802,7.024,3.84,3.84,3.84,4.444,7.474,2.418,3.106,2.755,0.993,2.262,2.221,0.0,1.23,0.908,3.644,3.354,4.649,4.694,3.969,4.255
Samsung Service Center - Semarang,11.9,5.472,6.679,6.327,8.288,7.273,6.095,6.961,6.312,6.095,8.741,8.326,5.286,6.122,6.616,8.478,8.7,5.516,5.516,5.516,6.12,9.15,4.094,4.782,2.987,2.095,1.26,1.219,2.331,0.0,1.416,5.32,2.352,6.325,6.37,5.645,5.931
Kartika Service HP dan Sparepart HP,12.393,4.105,5.312,4.96,6.921,5.906,4.728,5.594,4.945,4.728,7.374,6.959,3.919,4.755,5.977,7.111,7.333,4.149,4.149,4.149,4.753,7.783,2.727,3.415,2.678,0.728,1.683,1.642,1.897,1.153,0.0,3.953,2.787,4.957,5.003,4.278,4.564
Panasonic Gobel Indonesia Service Center Semarang,12.481,4.193,5.4,5.048,7.01,5.995,4.817,5.682,5.034,4.817,7.462,7.048,4.007,4.843,6.101,7.2,7.421,4.237,4.237,4.237,4.841,7.871,2.816,3.503,6.221,2.947,4.138,4.097,3.466,4.696,3.611,0.0,5.243,1.683,1.833,2.132,2.418
Gadget Center REPAIR,14.074,5.786,6.994,6.641,8.603,7.588,6.41,7.275,6.627,6.41,9.055,8.641,5.601,6.436,7.658,8.793,9.014,5.83,5.83,5.83,6.434,9.464,4.409,5.096,3.526,2.409,1.566,1.525,3.973,2.463,2.83,5.635,0.0,6.639,6.684,5.959,6.245
Service HP 7cell,9.992,1.704,2.911,2.559,4.521,3.506,2.328,3.193,2.545,2.328,4.973,4.559,1.518,2.354,5.364,4.711,4.932,1.748,1.748,1.748,2.353,5.382,2.099,2.787,6.175,3.294,4.485,4.443,3.419,4.649,3.564,0.779,5.589,0.0,0.613,2.91,1.431
KingsJE Management,10.57,2.282,3.49,3.138,5.099,4.084,2.906,3.772,3.123,2.906,5.551,5.137,2.097,2.932,5.942,5.289,5.51,2.326,2.327,2.327,2.931,5.96,2.677,3.365,6.753,3.872,5.063,5.021,3.997,5.228,4.143,1.357,6.167,0.613,0.0,1.141,0.855
Service Connection Smg,12.637,4.349,5.556,5.205,7.166,6.151,4.973,5.838,5.19,4.973,7.618,7.204,4.164,4.999,6.258,7.356,7.577,4.393,4.394,4.394,4.998,8.027,2.972,3.659,6.173,2.9,4.09,4.049,3.418,4.648,3.563,4.198,5.195,1.716,1.141,0.0,0.286
Terdekat Cell Service Hp,12.923,4.635,5.843,5.49,7.452,6.437,5.259,6.124,5.476,5.259,7.904,7.49,4.449,5.285,6.543,7.642,7.863,4.679,4.679,4.679,5.284,8.313,3.258,3.946,6.459,3.186,4.377,4.335,3.704,4.934,3.849,4.484,5.481,1.431,0.855,0.286,0.0
